grid,hru000,hru010,hru020,hru100,hru110,hru120,hru200,hru210,hru220,hru250,hru001,hru011,hru021,hru101,hru111,hru121,hru201,hru211,hru221,hru251,hru002,hru012,hru022,hru102,hru112,hru122,hru202,hru212,hru222,hru252,year
ID16_V7,0.10193717846852213,0.14703514174046717,0.2655393209965644,30.313198056715876,48.787697750160994,113.8470218236683,0.8605990763220139,0.918301430890071,1.3609204772084194,578.82500016853,0.10199625097927532,0.147185281661379,0.2667435663950033,30.33269915827255,48.82397654043227,113.9408184108982,0.86495688383594,0.9235760719682202,1.3745638031232439,599.8663354504242,0.10203894935355427,0.14729908910408082,0.26767538705233873,39.28957098481457,55.921363097581526,131.34970127570256,0.8783095712765503,0.9396068205360015,1.41527977810903,641.3769730830973,1970
ID15_V5,0.10139956813242912,0.1355680243859865,0.2906546845505742,46.23914595253788,67.44865182378136,133.13228891752397,1.261492467286347,1.3432831367110594,1.733303077752047,594.2342938047223,0.10157263118598103,0.13597912200027532,0.29242077376053704,46.26944749103216,67.50132125546446,133.22927928077024,1.272399777455715,1.3558772859760757,1.7624711508639332,614.6824480826908,0.10170144684934733,0.1362865282227792,0.2937464809822361,55.55874541571134,75.82160518324933,146.10749228058447,1.303379754117338,1.3914845863631107,1.8428434109606868,652.7576807040314,1970
ID17_V12,0.07251037759138823,0.12785325886352975,0.2942650033410663,8.548827628463798,26.561854040950312,113.70260465720176,0.5429614058965284,0.6520932072581977,1.3202749260292626,635.3905316263044,0.07252646631411919,0.1279585511755661,0.295268663946755,8.552094547335887,26.575431338650542,113.79581684678745,0.5439339680009652,0.6534605851645174,1.3256754002716908,656.5868766588683,0.07253869077101482,0.12803926300927793,0.29602852516792977,12.963801427037613,36.7344148212732,132.46924689369484,0.5468222732024457,0.6574855671829034,1.3415688348947228,694.0485746494378,1970
ID15_V5,0.10475387462430288,0.14540855805033373,0.24338556235719033,43.0777618399791,58.37875828340591,109.5673001438795,7.163027731395389,8.219907646126817,16.26263933766066,449.7239448943219,0.10483000136453491,0.14557603009097478,0.24447946457614253,43.085198472076996,58.390591775809945,109.62417117181867,7.289589848649467,8.36995984118801,17.231660308399587,461.8382004459272,0.10489108774681212,0.14569824042493984,0.2453278939808097,48.25201898697921,64.95578866366453,122.50197826542001,7.61270683726036,8.770967112458694,19.121340372921182,484.9902817429392,1971
ID16_V7,0.09797989485984603,0.14067464633557258,0.2795380255112838,33.14629435495634,47.89029034879358,104.67203366538938,1.4802482068399951,1.5861368406907888,7.569640311349445,471.29897442433867,0.09806502371810867,0.14084889799914468,0.28051477807642544,33.15612938417122,47.90556157989231,104.72590994234655,1.491904246893829,1.5985675500175742,7.701826361526316,485.22649962088326,0.09813120911081019,0.14098811616676077,0.28126990931343276,38.354356478461646,56.174928617520656,119.32689924848063,1.5270495300084304,1.635779730710449,8.043939005679949,511.50750400717516,1971
ID17_V12,0.12098796396525759,0.19202842875791593,0.36918850598857933,28.68654524049204,56.161962105622116,156.69409240997433,1.464633777878644,1.6084886547612025,3.338791118964802,573.5189053676513,0.1210039501335214,0.19206133983672347,0.3701097700573639,28.696199294507913,56.18416532063483,156.77475793443622,1.4694538800252523,1.613936499965214,3.372008354129916,590.5225006064866,0.12101607855485887,0.19208843419257746,0.3708145773264331,38.94819196726533,69.19146064714602,174.07536449974475,1.4834719200114161,1.6302035617772659,3.4703660323198204,623.4588384854578,1971
ID16_V7,0.1468732052387327,0.21078691341886338,0.37835680549672995,54.45106552025048,84.252384915442,171.83728123843804,2.4570178854828613,2.6384158011718646,12.337861875059586,589.7062330100889,0.1469245695372201,0.21091513066891257,0.3795426004393674,54.46754776783415,84.28501324883722,171.93603942792006,2.4726460539598,2.656627526133064,12.783806860222558,609.7707972293429,0.14696423657816274,0.2110155857615894,0.38044239646652583,65.07650956959692,96.43985025957751,188.08189807724847,2.5199283706805335,2.711459099417991,13.713577329703845,650.2942816789146,1972
ID15_V5,0.19339804360120638,0.26065503206706464,0.37679391438159904,71.09140818337526,110.94111934180152,208.94783480949843,5.167102705816983,6.708052822666985,17.610509692517795,622.5747620117763,0.19341640674801397,0.26072421157007786,0.3783980845535426,71.11462540303282,110.99020474069806,209.0505415113374,5.229711845547061,6.792914370371949,18.530561693499937,639.5090065857657,0.19342548027549,0.2607869571171084,0.3796419722673692,88.91994308055085,125.73183037197269,226.99529069968133,5.404287672607,7.0318012676285955,20.319774577294982,673.2853627314471,1972
ID17_V12,0.26873420646350143,0.3584476167492941,0.6200274025699626,106.46468027400473,154.62393287958258,297.0945002007965,24.800822530502135,27.538900209690656,42.27875613851539,791.2531529532571,0.26877695701137827,0.3587232096958204,0.6229288453437656,106.5047456428176,154.6872953303367,297.23001985441795,26.850697220906532,29.764629617264497,48.384636087843845,813.032734931403,0.2688088700965022,0.3589106234173649,0.6251424929620741,121.63626480451035,170.23376267531978,322.9579075274354,29.769827669921934,33.12560178921397,56.18206825324613,851.650331672703,1972
ID16_V7,0.1139027082984916,0.17177081716127532,0.35509385299399104,26.61627879753483,52.91579632645048,148.55402585890735,1.0245992075545707,1.1532446758382615,1.9346340931635035,594.1078099231017,0.1139027082984916,0.17177081716127532,0.35535356491468045,26.62319469802021,52.933375510961845,148.61109869758835,1.0270428975151642,1.1564988999789654,1.9436242213883512,610.6855361615744,0.1139027082984916,0.17177081716127532,0.3555361073881471,36.45592603209633,63.046353643919815,162.1307925417195,1.0345328025456344,1.1664673870491293,1.9710445609144749,643.1752788431186,1973
ID17_V12,0.15500630975465277,0.23636368838399768,0.44251621805090696,43.356544635643495,89.46814922573034,209.72527360555497,2.218600444570433,2.358154225233426,7.2875673311761044,668.9336267804101,0.15503652874929585,0.23648136502980677,0.444262255596918,43.36722920088814,89.49794237090636,209.8262501531324,2.223002248252144,2.3691968088915316,7.157824561202387,686.8607657031679,0.15506045845109995,0.2365660330834136,0.44559886418048356,58.85091134126924,100.85587898547905,223.05448192371708,2.238514552850998,2.3932323889649885,7.126239371714891,720.2292849407822,1973
ID15_V5,0.12069695139381433,0.17255350596822505,0.34593260812880966,28.85984963346865,56.0655461343023,151.9601869613383,1.1553895344002922,1.2508352962673905,1.9970644786038512,577.9681525587221,0.12069695139381433,0.17256928671123783,0.34636584865863607,28.867525227847455,56.080533886909244,152.00817838733144,1.158422556792824,1.2546439027120786,2.006542345207179,593.3515252486104,0.12069695139381433,0.17258361862072102,0.3467256531551026,38.713858302919036,64.59539739439676,165.54931689194862,1.1675115257364976,1.271088561876104,2.0353899633907293,625.0719948833867,1973
ID16_V7,0.15831555457388768,0.2249829671950625,0.47936799833264443,59.53665434644846,97.20587818112251,219.65916686168467,5.181711598159885,6.887228782746182,21.998152130760257,698.6416358838906,0.15864638460699743,0.2260438863518821,0.4859576461695312,59.57012742942184,97.26907379996904,219.78390843209962,5.241156104639396,7.010826198132817,23.350170933916118,724.8490751493518,0.15889640256098536,0.2268443445619093,0.4908859692281329,72.09571193212231,113.52762767616711,242.69677899971975,5.409703609159273,7.337647535920254,25.83792064869819,770.702033336507,1974
ID17_V12,0.19587086771922804,0.2965519063897186,0.5672152164904749,63.10787346126535,116.44057669583663,249.31628986503296,11.187523597850035,13.9465224881352,39.60857015538225,765.3640270769611,0.19596955007716477,0.2970337228115849,0.570793537399839,63.125568308196875,116.48487447838859,249.45665846527874,11.455472960044405,14.284515369762305,42.008937468513665,790.3889537311625,0.19604416764801358,0.29738764891036773,0.5734838635839545,76.15764073129387,129.61202830505766,271.6314079714197,12.098231915217387,15.056199747306001,46.431504033506634,834.5462726078113,1974
ID15_V5,0.14914476699380616,0.20999990905758278,0.4358226520737567,48.21575814677807,77.52037178450463,191.73301696307593,5.947264936869725,7.486703432833304,20.858002839832977,652.9024347188097,0.14929426299897175,0.210441031179041,0.43867947974379184,48.23079194340788,77.55375961658994,191.85218620396267,6.068260395217694,7.6580665042124405,22.454736125104656,677.3572150135587,0.14940430763030396,0.21076878664057783,0.44085272300670475,57.25259748950626,90.878535048231,212.45823559740407,6.373813138462628,8.088440359277039,25.043360449770503,720.8835625908687,1974
ID16_V7,0.14442668631390346,0.2176519841004203,0.4032481865686002,30.52813367395347,60.304323370289424,175.51048543208913,1.2370574432392414,1.335549366617613,2.6265451336458017,649.1806994029102,0.144453413619561,0.21780982780594774,0.4052482296708426,30.542297256644794,60.34193230043706,175.6406141116567,1.2420914474422533,1.3411051842187276,2.629746415195592,668.0493888377823,0.14447603716566948,0.2179264552669804,0.4067720811469657,43.69354891577315,74.4933720989315,201.54991670833186,1.257640283700873,1.358897936262297,2.6637287247720254,702.017677212978,1975
ID15_V5,0.14004871418513765,0.2118112844742979,0.3745474083862366,33.74255273744421,63.13693562235727,159.17544289562807,1.3107379791864042,1.4727330473711882,2.5702131598583358,594.678179777802,0.14008432318337793,0.21191608539730566,0.375971532792275,33.760379435634654,63.176031969816336,159.29488611442883,1.31569271493317,1.4786953992530798,2.588628214244139,610.3937483995614,0.1401106822981737,0.21199809658049817,0.37707304188705937,46.2762730058228,78.5704771095826,181.43663108501352,1.3312402601956967,1.4974290518553675,2.6489623901490957,639.1828179001895,1975
ID17_V12,0.22940907343125883,0.30412741836677526,0.5545236495012498,78.74076900796581,125.2014308569287,283.8370995751724,14.624535398677187,15.182540275858408,34.979195735060074,789.5727542967434,0.22950744464539863,0.30466587768887526,0.5596110951956008,78.77462721703333,125.25662628767824,283.9735575714296,15.289186912655087,15.859730973936164,39.330695149092726,807.9031345050462,0.22957930408103608,0.30507515318611933,0.5635133319394017,91.96272629536767,143.3077503841167,314.08666461736044,16.562097858982597,17.194543441022727,45.55817933474019,843.456889714056,1975
ID16_V7,0.2563851646775641,0.3454618369251661,0.5552981693872412,114.02631865535088,163.06511618269005,303.4437518363484,7.104939768158435,8.857587003815512,23.411608774974763,818.9451862247588,0.25645379321930384,0.3457152543424855,0.5580205752397074,114.06249855588426,163.1218233539409,303.54551796460817,7.18879111528417,8.966645958785428,24.551785515133172,836.3155744147225,0.25650381313494974,0.34592119674840505,0.5600943038872499,127.27570579182421,175.9015663957193,323.32066601685165,7.416203502099732,9.262378155215043,26.88951366836945,871.6692013870343,1976
ID15_V5,0.2593760341964546,0.3284993903245174,0.56946743635051,117.93438655542997,166.18778853797104,295.06905711412173,10.124161704606049,12.564145100757747,25.03463327887822,806.5577917190167,0.25945444247634525,0.3288304114078793,0.5721345180471364,117.9754392180614,166.2530734877263,295.2071453705245,10.300908442312078,12.811824553069622,26.59012564025202,825.8569966615323,0.25951815604606937,0.32909720994777203,0.574173746360366,132.17762183246435,178.2267720336394,313.74584254385974,10.77371291913042,13.476687600192703,29.68622418103787,858.7546271007159,1976
ID17_V12,0.32585551271169777,0.4303789941118885,0.7925445973222667,156.32555726918193,213.88756382268974,362.013545849852,42.78191456651537,48.22214867667223,72.30158172133065,868.6464542330505,0.3259407260659506,0.4307216060500425,0.8441959113824309,156.36220239823973,213.94199729711087,362.15088328761465,47.116438469350356,53.30756118904475,84.56044783912667,886.9520635893714,0.3260059630469714,0.43101899692311285,0.8827917313897187,172.01289599367863,227.44580962832458,382.2966992923607,53.47322367714112,61.19317604262253,99.74217196666571,923.150491897657,1976
ID16_V7,0.12483122236341558,0.1854002208293579,0.3418361756677517,43.056385479352,67.50046269351083,149.99148019554377,9.938737922909949,12.087249289781386,23.495145953850937,540.7385140961778,0.12490151013338437,0.1855551901088246,0.34326887329192285,43.067094294742965,67.54895930164348,150.05929095783372,10.680432288510952,12.996476132033095,26.44394823145388,558.384848255213,0.12495291041150303,0.185678544150764,0.34433431639488665,51.53211211552145,78.57697714805717,164.8797232367623,11.757521895911605,14.368696328175321,29.168984110127813,593.2489072529715,1977
ID15_V5,0.1587249930645136,0.19676501862233708,0.31713012283542197,69.6728428866669,100.12453165575468,187.9642935684443,14.713140600797548,17.594102759597703,33.92416050318999,577.6925618923633,0.15889608819335851,0.19727793089971302,0.3202318710362792,69.69550170168891,100.1687763724748,188.08610765307395,16.620462553848057,19.931033692974623,38.58444528260521,592.0832356710744,0.15902114843508072,0.1976714855706725,0.32256647660398574,80.56335338042203,112.70714047045084,201.89436483968424,19.020671560355968,22.802074114063032,43.43097481574292,620.7103055896878,1977
ID17_V12,0.17643992871827544,0.24519080911218527,0.4250753623302024,77.45133577042589,115.06756676872828,227.33730875413633,16.36216037444535,20.0606315582565,26.851807304081827,652.4274757714666,0.17658035089087298,0.24560220593536308,0.4293895315878826,77.47381253884156,115.11342050931499,227.44858664227613,17.211311402635218,21.27789969554326,29.743896416973225,669.4941341485102,0.1766768362903746,0.24592895804707737,0.4326230771245543,88.674129313315,125.51207394950451,243.12756349986915,18.644628390180383,23.24350035337343,34.42787709321704,699.8152918648266,1977
ID15_V5,0.20129045692620484,0.288555088413859,0.5731843575944656,85.05170813485454,132.0233553736774,270.38037552770396,4.348017674118165,4.8672186074894,18.311763006808782,789.7989863928597,0.2013793761102398,0.2887518266326334,0.5744033561914179,85.07658415214746,132.07375076244685,270.5250763276173,4.379129969147888,4.911827461839193,19.031042953603222,806.149686542034,0.2014454879304555,0.2888995047510332,0.5753069254968539,99.47283709704692,146.36257045023467,285.86808176607394,4.46963545885755,5.048870490730865,20.5695620840047,839.2155815570441,1978
ID17_V12,0.2695560553029965,0.37261397297459276,0.6479392479813111,115.14359393596685,168.67432682586846,324.5807240033411,21.42155074248221,26.189632379936217,52.365983461961534,865.5659198285502,0.2696716174317708,0.37293950614149507,0.6536937496963455,115.18208224417475,168.74929325007875,324.7701340064941,22.52083681319732,27.680552312953218,57.64589086551735,878.7611984153918,0.2697532285208532,0.3731935712106935,0.6580126476825781,130.1269949061339,182.8446889674324,344.2000621732094,24.588698501945736,30.433755352981347,65.63883745053127,904.8313787142515,1978
ID16_V7,0.20173468359189006,0.27992575264013864,0.5206415983290948,85.56583132415103,130.5023124531774,260.63406493117844,3.6679382218833556,3.9243930152347506,10.790723751859119,769.5484006362531,0.20182506012593238,0.28014775777532175,0.5220709661003413,85.60189911469507,130.56429588053555,260.8018209136163,3.6892375781326736,3.948088276152726,11.26560548702059,786.9338014491223,0.20189481860265635,0.2803209901555168,0.5231639935051096,100.625014327672,144.08403630451852,276.5735134411494,3.7514231107357605,4.022101053908137,12.230065326396726,821.8102836045728,1978
ID16_V7,0.230318669171538,0.26883605799474625,0.5905211774649513,133.9777877049042,160.84961248081586,236.88654803235394,70.44278695479983,74.99309196040335,96.27976331168198,575.4743126704926,0.23048470810431199,0.2693718793978212,0.6791708926275788,134.0007932290091,160.880053154103,236.9587215883467,77.32471137066648,83.29530040039518,110.90100079669693,589.7525187214196,0.2306224285328622,0.2697982066278861,0.7436959740933877,137.20269113644025,166.14776685094347,252.02866729801877,84.73123284935377,90.95253633811969,121.69797664474899,616.4234164143272,1979
ID15_V5,0.2457912437364986,0.27853201238707853,0.957705803958265,144.110031201749,171.10967049770025,241.54937301240832,74.38395527955338,79.501305634387,101.15242427353274,548.5563968571951,0.24601828731538375,0.2792226212605482,1.176273841800755,144.14310567392005,171.15160218838787,241.62651404092364,82.58117691649738,88.59239656696256,115.97137654859812,558.8705431990676,0.24618893356555538,0.27973587330450855,1.3265728576800013,148.27221054057057,176.28781263890954,256.34704802206824,90.79565130352833,97.38691474618395,128.26425763559865,580.4688762468868,1979
ID17_V12,0.17303458503973213,0.20644045392033394,0.4702374833484515,80.64613164673914,101.92736929556757,167.05705256703948,42.44110223533904,46.35920468527764,61.00744673764315,490.52843095456774,0.17309025112960755,0.20668919360617544,0.5054402530272237,80.66007232360649,101.94405161035534,167.12709427304216,47.715269657792675,51.27388742237749,69.69359685616861,500.545809923904,0.17313109788592354,0.20687018295768045,0.5367391699663719,84.64047979773572,108.80379134137631,181.49588213598386,54.279658140546736,58.77973484356244,76.45415660903817,519.8419635488535,1979
ID16_V7,0.23704110533492462,0.28586966660966384,0.7425594828891483,136.34611216888953,181.1035738188766,302.9946421348173,17.202361619416518,18.19927213041595,28.6176807749445,798.7631469606204,0.23757777687756468,0.2871138085145817,0.8596129002142168,136.40764620126268,181.18836449835015,303.18697795212194,19.83127782007905,21.161753328657323,34.27889332848805,818.372063226154,0.23797922529021087,0.28806248894211706,0.9377637628090884,157.27386155628298,201.27222386730278,323.5999641150415,23.325309346888556,25.056701536352303,39.52154662082753,857.4145604525984,1980
ID17_V12,0.2550614932583138,0.3222130816163187,0.7104090016374862,118.44178151717335,172.94450338452464,323.47136462239644,13.717988980456157,15.731511091987528,32.53568783743193,881.6275586589037,0.25531938543168664,0.3229569194542444,0.7721341845584269,118.48262511854713,173.0200186766625,323.6497604477238,15.222599419889823,17.97857537731951,37.618390970675314,898.5179033027525,0.2555238624904348,0.32354598675219126,0.8163224393022679,137.75208584108384,190.85307346238224,345.72416627079366,17.367696630531256,20.94017597002069,42.687407188976216,931.90432871753,1980
ID15_V5,0.2673679646894651,0.33176169610575323,0.8524574929228516,161.11323936174142,210.1058463924353,333.4650255876025,30.59640983101446,32.988250860009245,54.9434601904273,800.4213605043406,0.26784609492837474,0.33278187943372073,0.9942310867435324,161.17257599017722,210.199163522149,333.63875937645815,34.6768977013178,37.69473244976279,62.19507577502832,815.6028879740625,0.2682174570393909,0.33356593706129045,1.0938382410379992,181.61164980865846,228.15751458637044,351.1654160655281,39.22735301284752,42.752211852014085,67.89199642321068,847.2879103274317,1980
ID17_V12,0.350585283807914,0.4408108266011083,0.8931594216827712,162.4540823065167,224.9176543991348,382.5694485905941,64.08791442388339,71.09734138647626,94.0941182791423,890.9416027390762,0.350694304020295,0.4412573338800389,0.964703769294408,162.5093231032252,225.0213276792306,382.8075968404177,69.9248534916185,77.28523068659227,107.83647145020767,907.0194215019583,0.35078180951295623,0.44161191918646714,1.0179564276204882,178.87574033254705,240.86142742006228,402.50419540151034,77.24559177288904,85.25359003815538,122.2840343338861,936.6756649744348,1981
ID16_V7,0.323824375890352,0.40863582870717363,0.8379141081470749,185.97770290133573,243.77410485614905,381.6148355514338,76.83869614362726,79.8465102586514,101.03801774584475,871.7912082197072,0.3241710134952948,0.409498558402776,0.916628885975734,186.02185936978384,243.85444315059996,381.7701305554612,85.27126017531168,89.40228126973342,114.12715181148799,887.032144081124,0.3244455416373455,0.41016341701424786,0.9752081007501703,199.70498444841965,253.87616468470088,394.7951612488213,93.47754624771812,98.76329091888104,127.24473756065558,919.1573854417657,1981
ID15_V5,0.3436086361430133,0.4362342838010833,1.8392650859076727,243.23872698393052,303.2993660957995,449.07657253830973,97.28344594258755,102.95861364686958,133.33004509683127,939.2283212929033,0.3445257053920996,0.44111649423188815,2.2525361291273716,243.33009990664354,303.4153073377676,449.32397455444914,108.93744567774938,115.39637452204104,149.94673149385906,951.601221711011,0.34523238727170136,0.4448101001502085,2.5366150644696663,258.7462600707614,318.8629570906982,465.0358613363974,120.16376800026937,127.24710700915416,162.306933945458,977.5849737155077,1981
ID17_V12,0.13857495331248093,0.20327600801087198,0.4439963500111843,55.34620965722139,72.25755553124162,144.29706624358667,40.348723320233404,42.8551547351542,53.075595987777874,519.3892980646924,0.13857097139036112,0.2032994391299512,0.45908043522850844,55.34741436057292,72.25164527774879,144.27410081736386,43.499106975169816,46.656410573126095,59.618349106368804,535.613292352049,0.13857097139036112,0.20332579153327734,0.47035599808400436,55.41442822753152,75.97626817810503,154.64673148113351,47.73852987079555,51.626273493826424,66.1694652141113,572.7504896591709,1982
ID15_V5,0.11442935904442164,0.18748289141361105,1.51073517961437,66.35918206000704,77.90179029922805,126.89760553578913,48.499762793274705,51.65057491595219,57.06194262689974,468.9804281370889,0.11467491079146465,0.1978500010456354,1.8241904666688273,66.35359393030865,77.87880571181991,126.82455440728721,53.6157365899495,57.32753651201133,63.73084894098191,486.7981353457726,0.1148797187050632,0.20562585472340578,2.023076775386231,64.64062162141677,78.704039599214,132.82000223033327,57.99324285254769,62.67526804165077,72.25306078735903,521.0594866575557,1982
ID16_V7,0.11706725031612654,0.14337480811480938,0.45531570430201457,38.51731682171892,51.25204185307028,113.81140801148307,22.592672050662756,24.751066597651878,33.585815312458045,494.87412224225403,0.11722408296910827,0.14393536317686492,0.515126308783888,38.521593010894996,51.26011232309425,113.83268600413206,24.72233642120763,27.126081850430108,36.79502494051266,519.3913329959469,0.11733052595959025,0.14434971103129482,0.5567562960530701,40.39982728760957,58.49446293319223,128.98701460194982,27.600637953323034,30.258469902339765,40.75027620170248,563.3560594528535,1982
ID16_V7,0.0867780817221606,0.1410302049525565,0.2785833080616679,15.250545615210342,33.61528559514448,101.60082845583209,0.42846442291298015,0.5212158065470778,1.1785926528800441,507.56781241635326,0.08679166232976088,0.1410831508749406,0.2795906137817763,15.25625793997293,33.63182916482964,101.66428486286202,0.4290997456653476,0.5218580868303393,1.1818328201939776,524.9590062691714,0.08680306049591668,0.14112185684942125,0.2803544395993267,22.306593231618297,41.40072104146956,118.54167546648863,0.43125357863314046,0.5244633674537913,1.1940846514872727,560.6148826258723,1983
ID17_V12,0.06357523951168664,0.10319761372136793,0.24343130859028594,3.738773082634092,13.352430799149268,77.46428653382394,0.271657484872009,0.3223164111943295,0.7979455223890507,473.8233927426627,0.06357485175817201,0.10322115359251893,0.2439807920251105,3.739841888464762,13.358976801372378,77.5100176248019,0.26973493287262507,0.3209954997842823,0.7935799716885461,492.89335918017605,0.06357485175817201,0.10323877367657674,0.2444029913967909,7.841171093099183,20.163971177819977,93.06533675798251,0.2684719706958101,0.3194878162698236,0.7908334537724275,526.6504969710659,1983
ID15_V5,0.10336787894039424,0.1485116171557319,0.27632011524786826,19.742846192389607,41.809396862081144,114.98315725152831,0.46596326258764315,0.5789043223491241,1.2999582174569388,526.3355862463213,0.10338677389315222,0.14861943594304525,0.27762674141248045,19.75427828073491,41.838985087099616,115.08036986263464,0.4672403313427562,0.5801732569762763,1.3038854312866468,544.2566931999754,0.10339978512846536,0.14869939678484267,0.2786169902127478,30.441635863610106,51.70293666194174,136.22644935298345,0.47200258722691313,0.5861500160423065,1.3300393566800806,577.542442395963,1983
ID17_V12,0.20086942394943264,0.28834111290755854,0.42404360073713576,75.71431382942842,120.84714583185317,237.09839104636296,2.3942755037053063,2.505970284620672,3.5780776486341495,690.4213477702287,0.2008865162669069,0.28840537175923114,0.426309507524504,75.73370664244409,120.88543756059357,237.1918602304264,2.4055029262316965,2.5190085649198894,3.6156863496285783,705.5132065662474,0.2008993653099107,0.2884613340360908,0.4280357461217106,93.64674308724281,135.17216905066425,258.38715913384885,2.4412849567901382,2.560315286503264,3.7146584991751883,733.3354255092564,1984
ID16_V7,0.1731393915648476,0.22972094428820952,0.39475095660959886,83.95445326326545,124.8136420786908,229.41565994969076,2.102825172454342,2.17852751836745,3.0491341667297887,670.1242040462748,0.17339976362388776,0.23029830193424752,0.3978083807374464,83.98528517734701,124.86605211110692,229.5240706122513,2.1198510217351973,2.1970835214020945,3.093482501803776,683.2268171632604,0.173592983984719,0.2307446259104855,0.40016185088198575,103.97786338390313,141.95833904124012,249.81944507204074,2.17318969082071,2.25523830452034,3.2276048932582095,708.1052091629117,1984
ID15_V5,0.18046166169976607,0.23850634616561384,0.3719405300307088,88.77259997109239,130.43604036094433,235.17227949873973,2.3686370440921736,2.4890783939100936,3.3414471246096102,639.5024559733138,0.180728559503327,0.2391340859349218,0.3750561306573603,88.80497411019185,130.49087355756797,235.2772658767545,2.384751780527193,2.507321859240688,3.385551549995299,649.9313469311019,0.18093370555337995,0.2396135918420539,0.37739185508767165,107.55404486361876,147.60544244536362,251.7771209482726,2.433599296427455,2.562106722985774,3.510593199672814,668.9166635795264,1984
ID17_V12,0.1898974325746292,0.24981479492016279,0.4322093514529093,68.1562046884837,116.17117823173353,236.5821729012829,2.5379213528084557,2.9126631288765066,13.701226338251244,713.009564788139,0.18998326231299112,0.25027892289421594,0.4365774100649125,68.19179543347848,116.23619149284056,236.75249884472467,2.559060250710386,2.9371992418370914,14.572783584962952,732.425643881521,0.1900527919109356,0.25063865309679034,0.43989974188861014,81.69963593292313,128.70091930882185,259.29827764543916,2.620591904868749,3.007606241294171,16.31945250780308,767.0201260278991,1985
ID16_V7,0.14811763833952615,0.22697595624072697,0.3861292325885959,60.20183578243088,90.31438635845261,190.01791307718727,2.625666690059278,2.932191801155292,9.097913043486324,647.0479791486505,0.14818382701247002,0.227105100718908,0.3878005122832118,60.22135952504813,90.34974078076544,190.127327789307,2.6379465363851424,2.9488435594425337,9.3225401878562,666.8288485517696,0.14823167008783497,0.227205240573388,0.38910916306642207,69.36915064881093,99.76845764814968,205.2768730044166,2.6740761757665603,2.999040581656321,9.901702571464902,704.8039745280403,1985
ID15_V5,0.16289155193335558,0.19598424215468976,0.32041282026639584,72.63659003451922,102.42921138876828,188.91117894802304,2.5946570668640683,3.066463668591158,9.231115077103777,622.5129914333811,0.16300223272988168,0.19636561463173408,0.3227697294295342,72.67062340687055,102.48497316936316,189.02889320859802,2.612365911883493,3.091267151657854,9.525056728374532,637.9284685571838,0.16309528744187254,0.19664239209059486,0.32459485310138403,83.32448301993892,111.97603003496867,204.43076659150412,2.666484613167078,3.165960692578695,10.264342428170067,667.3879846376949,1985
ID16_V7,0.24585683101562195,0.3221033575793033,0.5203358220315835,108.58256193507553,153.9023556984346,275.8827174596058,23.61457877972662,25.644093476686592,40.56902676322735,742.6112586771997,0.24596717746557986,0.3225007808852154,0.5271208825041374,108.61095940391677,153.96085342040612,275.99018353774665,25.48081728559735,27.9031325671777,45.56393623279313,762.3979674864968,0.24607441481170692,0.32278921687900697,0.5320762922798887,121.34759888720743,165.34332998778723,292.1422637655083,28.536701924490615,31.432874973956157,51.74375317454807,801.8331777551795,1986
ID15_V5,0.2411446719948238,0.29571030377354046,0.581962318439841,117.37952255463452,163.16308388137358,280.7959420556327,27.465322341569674,31.442036780417574,46.71903531415935,718.5625709424639,0.24139848178231138,0.296394096707592,0.6252263200143533,117.41907049860545,163.24675641611535,280.91704817407606,30.428054216258065,34.103293937380414,52.09327192980886,734.3120502398523,0.24160875086125722,0.29690510675995574,0.6535073180941149,132.5979834654545,177.09683604866146,294.3956124637475,34.43979615341973,38.612401083905894,59.11314028863148,767.040935417841,1986
ID17_V12,0.2876610628487075,0.3900831773654976,0.8890427631469094,141.86345823712904,209.18136939010301,366.2677687144449,29.985575747960333,38.38205182397354,61.33871356539248,881.9832694178403,0.28831159950120355,0.3917306849132341,0.9513111660507217,141.93703668244132,209.28890706713224,366.5138238580421,32.056009054013685,41.18829203113238,70.58332732684892,901.2880271690665,0.2887924055547706,0.39297265780244084,0.9969922096745276,164.4712973627263,229.028751594514,388.4011866029852,35.340020649964515,45.567327119267354,83.31397300864683,939.0582140544138,1986
ID16_V7,0.1642411206487879,0.2311697176661571,0.39092812005114297,70.22231513308499,95.56734661765209,181.0981834678861,20.72801858519909,24.18050214623926,42.73485321823623,558.0045964094752,0.16426139698966444,0.23127477870237836,0.3922412910529096,70.23345475470047,95.57991293416882,181.14571318619667,22.37281256957263,26.114338555492868,48.00406238307071,571.8259589394438,0.16427586683650341,0.2313528219570373,0.39324738144132,76.96124598880986,102.14374206788273,197.8532779530248,24.591898995142884,28.78021082026812,53.9692940503596,597.70965808662,1987
ID15_V5,0.1553162900477796,0.20846421808690474,0.34289352529887557,61.49284661386807,82.8117131029965,153.6526783513111,21.611052068563083,25.24950483622961,36.790293713164445,511.1593860262583,0.1553162900477796,0.20855965928300568,0.34425502718113243,61.50161972222764,82.82506656796131,153.72073792214846,22.84545773952707,26.840044677354207,41.13649118763236,525.9107321967749,0.15531461129921545,0.20862656391518145,0.34525222572605196,65.99676129992723,88.52870833867485,170.56850598888866,24.917871120801884,29.467705030807352,48.06815894194543,553.367722984578,1987
ID17_V12,0.10524877620978802,0.1427914870266369,0.4363969014357973,33.70453512022173,45.84506044665134,105.85085613351598,32.34796156641157,34.090925616922235,36.02031680349148,479.250265462455,0.10524218091071312,0.14287370128154864,0.455298132958708,33.7075253590302,45.850893135725634,105.86931668992885,33.97225092958918,36.07911889268487,40.39324638410499,495.31260138390644,0.10525028662235482,0.14294238566300632,0.4694699147334376,34.98533805318378,50.17824188567075,116.09360803461254,37.08310552585597,39.76256387032306,47.85640173809766,524.6979944295308,1987
ID15_V5,0.17167697514976396,0.2358018783434455,0.33972799486880323,75.60254497899129,105.63862229216947,205.88965942081688,3.3036320964430623,4.166025043965453,11.341716547293828,606.3283800790159,0.17171814734053448,0.23595067606455286,0.3430870743110254,75.62932423925534,105.68017286775974,206.00386941975216,3.3488976620215696,4.233646855358523,11.894603827998504,619.4465577046213,0.1717542618126704,0.23606279867963842,0.34558743070726244,86.71270924153711,116.58909063428467,221.80744197707128,3.471825946500936,4.414496129214919,12.896170121203012,648.7813502097852,1988
ID16_V7,0.18910920131728615,0.24548289053049954,0.4173566947030327,101.58231407860022,135.13520179745896,241.14002846041996,9.857492322259883,10.876664196612403,21.181186867969153,674.9712313976706,0.1893282765349591,0.24607829393832106,0.421682862366092,101.62487013987632,135.1909037150709,241.29193679131248,10.238862067584856,11.407997316153507,23.658983097089664,692.7024193570396,0.18950250314237715,0.2465202676200633,0.4249732363355392,112.88221971225096,145.39418448668556,260.1415820177522,11.0789915256136,12.374479828214096,27.08039452931527,726.0100628843647,1988
ID17_V12,0.16541362818493055,0.25290738576243976,0.4666305381011622,67.96920959203361,105.10966652087792,232.90319101518116,4.168062679363533,5.623879745719865,15.790953802137446,683.797339299832,0.16546813008164563,0.25313222474136454,0.46992032199432376,67.99190930250862,105.14886807685902,233.04994640952927,4.2259023473474855,5.733019304361918,17.129668567358824,697.7072455493617,0.16550585208034452,0.25330611781049006,0.4723988247969855,80.2716473340936,117.2223304671981,254.76845341277254,4.37975041154075,6.009332748153336,19.101742942844773,727.4461155979952,1988
ID16_V7,0.1492812493282203,0.23758340589984425,0.4298856204485113,58.84826556265374,92.70608553574779,191.07079411019444,1.8238123006554101,1.9427444806592151,4.682460436594025,687.0742147074707,0.149321518760823,0.23766462297845578,0.4312632666671017,58.87060936141846,92.75283028667324,191.18303872855913,1.8333376057437754,1.9542276501444236,4.898972102880565,703.4020111555728,0.1493489867715081,0.23772504413635298,0.4322871562251347,70.94584294550107,104.85888562603004,212.13378053236596,1.8623714959975124,1.9890950876916775,5.379902440175291,734.4696671392012,1989
ID15_V5,0.15148490158600314,0.2304794586435981,0.3984674730904858,59.18451027436193,91.96944628388381,194.29420654209565,1.8176512701960823,1.9372896728337852,4.4584569914469485,684.037242128732,0.15159550388551904,0.23087609840941095,0.4030349719166981,59.215897673013174,92.03079243289031,194.50261603579762,1.8300963320802046,1.9519763212522152,4.6379745926117435,698.7179849868699,0.1516797758555666,0.23117879095889093,0.4064626769155188,72.61775774772595,105.30978288569928,218.24353158077037,1.866833082679296,1.9949773944080815,5.059262754378869,726.6071458242368,1989
ID17_V12,0.12294367151673023,0.19092166073587347,0.41912572864862035,44.66522097364949,78.58889875715248,171.91151144195177,1.5003984466872693,1.6527053392707827,3.493893832812125,650.9678452117514,0.1229741200166181,0.19102941480327518,0.4200584960021265,44.68024065574667,78.62367564276994,172.00735805569664,1.5100839200169633,1.6647662872016178,3.6406419049131817,668.3972232255619,0.12299565756851782,0.1911153516541835,0.42076452318334706,56.22455044888934,90.208810920762,190.39992823930035,1.5385969630345289,1.700348671196731,3.9716884216202843,700.0288595249294,1989
ID15_V5,0.2672765046239767,0.35136790784267924,0.8482372583433987,137.66435834072846,174.47146587235753,279.2481866911691,59.747831022816875,65.44331834039006,83.33691166492271,698.4662037597009,0.2675319333673529,0.35197811270471213,0.9688663567290561,137.70213243849,174.5319839960339,279.3985864538692,65.7091915682316,72.21613104491428,95.46881243709359,712.4615468738631,0.2677391469675525,0.3524674057204087,1.0554258345836356,147.4198669700973,186.16355200154547,298.5442936346129,72.25231863219871,79.19208570113511,107.37371087843158,739.6249435199134,1990
ID17_V12,0.17759357623247274,0.2620355581920131,0.5726740898245475,68.85141590126447,100.67020939342089,213.23019289677518,28.389532077421645,32.76045201143869,43.90572420090803,643.9290796707392,0.17768438595830907,0.2622545620681056,0.5894739982414592,68.87469974820104,100.70727029085734,213.35354430623116,29.845471842412774,34.724125158055976,50.15051971399598,659.2297496394895,0.17775285493791018,0.2624172193374352,0.6019651506165,76.44262219118905,110.81230074948692,232.35000489660203,32.68625506303334,38.39145288131266,59.47491310988355,688.4121534717269,1990
ID16_V7,0.24424918602694867,0.33826837984413594,0.8189592586161579,128.35265914712937,166.39793182536837,271.0113526853225,59.24877972496113,64.15579138502989,84.79458989257272,702.9948563282305,0.24445148471153666,0.3386839310409395,0.9211197565977702,128.38651017291087,166.44505345988037,271.1150652568636,65.3267879523961,71.23478928303192,95.84739140594907,718.9180454215093,0.24460665256824243,0.33900360423403475,0.9930839785821355,137.4525417885516,177.4650894213554,284.35794323736803,71.4059642574134,78.05530271124795,104.79182970192613,753.360158236348,1990
ID17_V12,0.2038211900611433,0.28975966501177375,0.5571871901635754,68.66073733085126,114.44613968803465,257.0414606495277,3.5901283039059306,4.377799868269427,21.237624132686424,761.8947200411858,0.20400753889487389,0.29021488730433864,0.5602119345055492,68.68889753302804,114.50254150369483,257.2144961621202,3.6141169187551445,4.397230438221346,22.599262284366667,780.3722712927846,0.20414889063057506,0.29056055380814644,0.5624996366793598,85.94672227665525,133.82552418926343,278.66887479256906,3.684590626954963,4.46911122871151,24.888605244600587,814.3176549890195,1991
ID15_V5,0.27192869478447146,0.3280066968911668,0.5379227225739656,115.35886572008202,165.27068486501258,296.0877843373033,16.347503432170978,18.97034506381594,30.85478469694414,768.8816227816569,0.27209799564132764,0.32858169162376294,0.5418136842407439,115.40006365897466,165.3487661509472,296.2529775176517,16.937297972951917,19.718042078774957,33.71982005255867,785.4003950853948,0.27222174138150157,0.3290169699116965,0.5447701350298075,134.9261921785218,185.01098072984067,314.5338554202595,18.26904497530782,21.23002296595762,38.103477505071695,822.8904500864737,1991
ID16_V7,0.2349114254917395,0.313006909247874,0.5333632058993798,102.51223779609123,145.37165457680206,261.5028028108438,13.1214822952659,14.786241313307993,27.464138660457493,737.294202055091,0.2350045791616797,0.31326728599081655,0.5354454632995216,102.53910680252989,145.42502294305046,261.63520317035346,13.708933593425922,15.521817211898389,30.36752449524254,757.0167830986611,0.23507412583925322,0.31347087164175935,0.5370297775980053,117.95483497122119,159.3042371054838,281.4115289573263,14.831540128386683,16.890130441655206,34.551027252462134,796.7628808220907,1991
ID17_V12,0.24883546136477963,0.33970935928076296,0.6494838785766772,103.25013462558155,160.42051773107667,315.0943364503506,19.934928330722336,23.60915254020305,41.98587923803756,833.4890170923392,0.248978709264714,0.3401826745750247,0.6527439440997798,103.28959059654183,160.49726787723174,315.2326336846501,21.104289142211208,25.18668517564501,47.73681301386293,852.4326156366296,0.24909558595794334,0.3405310745376164,0.6552213485064353,118.01119586699147,175.76669791742512,335.19746869345886,23.260990895056516,27.918964686707472,55.99301828222331,890.2692572557135,1992
ID15_V5,0.23643152831657346,0.33050063223003506,0.5810549128444427,91.64534228729464,134.69084404172904,255.0448511998379,21.61378308984559,25.43683441549161,39.61777880938005,763.2737901108703,0.23648583022610678,0.3306780925266375,0.5905756687148355,91.68079857331932,134.74401899583899,255.18873250976927,22.59832644883714,26.956419993312693,43.850575242696856,781.3333687039558,0.23652692942809694,0.33081250308879667,0.5977862920362642,104.64618035349491,147.51819039884575,274.88171293757966,24.37424864816546,29.49256793680835,49.713208343053985,815.04500465405,1992
ID16_V7,0.2534384691024565,0.3514915344440386,0.5417962392339053,95.20218724874331,140.53628561490774,268.80654279110075,17.732522250162834,20.529909599866865,33.403829336187705,789.6821372780978,0.2535041963834468,0.35170376600122566,0.5442732668192418,95.24916098055095,140.6181943776419,269.00178916693926,18.62833289941904,21.58629793777856,37.36501496164279,810.4301652823924,0.2535531149032524,0.35186991634573417,0.546163604351595,108.80164309027688,153.67688726990897,289.8078207476575,20.320442640466304,23.47846035605148,43.01095778456566,851.808631752996,1992
ID17_V12,0.24336467627884018,0.371908544009123,0.645924560107833,97.11164445777075,152.8845905670954,316.18747292309087,24.987611716219142,26.906794589637272,46.57720312872912,826.1561724091662,0.24347249901242907,0.3723159070695836,0.6566623990435048,97.13753253432077,152.9370021555364,316.34173953439597,26.376000400129705,28.554805987301986,50.82956919811108,847.5165218553155,0.24354903174313036,0.3726372246794565,0.664688481284343,110.34848017686338,168.04774019122226,339.3296312184221,28.847666170143224,31.464792243373303,57.3309374049597,884.1102449104654,1993
ID16_V7,0.19937441121284794,0.270830940234945,0.47933089554321207,101.14231144940678,139.0879385886271,251.6166281713533,12.362682282741162,14.571486424922075,28.048028972850933,697.7147273729715,0.199543363089963,0.2713081303725802,0.490187632400108,101.16802559460457,139.13689437010228,251.6921344057041,12.851176830875211,15.190927554835772,31.462147104630866,715.4276200922613,0.1996672648505167,0.2717107422263543,0.498255590960361,111.33898528719992,148.27114460596692,267.86614806229295,13.900298511795356,16.519008209546335,36.0444615873931,751.3138523013331,1993
ID15_V5,0.19401791989220513,0.2512108182058337,0.49339848275963494,96.33866885783988,132.5489479553264,247.2421071336278,10.383010836793916,12.653496295991575,25.26077996391368,673.0135212395908,0.19418378364658628,0.25165154587458405,0.5026039469940038,96.38242187612931,132.6226624750908,247.34658732851278,10.784046017788006,13.178444115572388,28.26083429094629,688.3728008101461,0.19430446415486746,0.2519811682720383,0.5094625947475473,106.53495414395925,141.6696654150881,260.0431711353204,11.640225505895478,14.269243652195694,32.43982355799954,717.2998490648168,1993
ID15_V5,0.054504256539414944,0.083078381468916,0.18860880933359558,20.312001533684406,28.249662579646927,63.36437703604215,0.9325030209806722,0.9850568082606213,3.8660190114725177,357.5012596537126,0.05458874201165444,0.08324083918934644,0.18931894286759254,20.321302775583035,28.26697119192304,63.42253022406099,0.9446369337650746,0.9973687941875824,4.146407179538198,376.4735289614764,0.054653900219782565,0.08336295096597877,0.18986123133983604,23.33299770377954,32.88809488726844,71.34580340052503,0.9802933071466078,1.0338410194905134,4.699273702892648,412.4367133040505,1994
ID16_V7,0.060083658937994264,0.090569199546052,0.19990058811663,10.223206035331287,17.790169397400714,54.89458643857701,0.6355113388500238,0.6661470267892539,1.030982487873074,392.0761260474173,0.06011354190532935,0.0906407411841039,0.20043188726185646,10.227471089314726,17.798205300181206,54.93340541357942,0.6396530828177767,0.6704472039134235,1.0398115062024926,413.1463238682918,0.0601349513845255,0.09069306601413715,0.20082708015309073,13.366641494425656,22.323711966623353,66.11659581594094,0.6518064869069646,0.6831172869579278,1.066459643143003,451.4134492914018,1994
ID17_V12,0.10320999573734578,0.14252163254654768,0.28399912355835033,31.06852765721842,51.77585172922487,121.46278412222418,2.189169257988322,2.6774255094990234,13.105155085629818,465.3161980933947,0.10322773800125272,0.14260746385798637,0.28497965127766944,31.080561490387893,51.79866853411922,121.56724442111434,2.2068377052991632,2.7069003988172056,14.122831880904842,485.8916720889829,0.1032383309627829,0.14268377286681996,0.28570083827779724,38.85135627070997,60.06145697693074,131.7127456482646,2.276882115212743,2.7955188167323026,15.858131957755411,526.7488816752157,1994
ID17_V12,0.21591815807573633,0.32007853322253776,0.5693514959468111,81.77127737076503,133.98288992944774,298.93191576235205,8.349392754211765,11.280970587940727,25.906427294583136,797.4091839077302,0.21600915319221858,0.3205286797204274,0.5743653467258207,81.79426553239522,134.03225753272125,299.0892458155868,8.519611611680235,11.584318450132166,28.28560483256098,814.1405546255555,0.21607494876110422,0.320862600063033,0.5781194785193278,96.23544241896818,153.64267818510785,321.9374874782388,8.959638285397544,12.257408410848427,32.15905961207578,848.495970832606,1995
ID16_V7,0.15869720292085132,0.21006113806299664,0.3767907326433608,45.8979574921631,81.33599049721845,190.5773379052706,1.8464031203681543,1.9912324084328514,2.905641832633906,618.7066140879397,0.15871588375285084,0.2101568828881453,0.37778073466909134,45.916054841591055,81.37158225230637,190.67876897857332,1.8529558407413993,1.9987397738845878,2.9252379657960486,638.8872608018137,0.15873114940555588,0.2102211585751819,0.3785223075428483,61.922959614208395,97.37058001917752,206.82955475073388,1.8725525292277017,2.021308119403385,2.983354498255281,675.8872428265751,1995
ID15_V5,0.16652068226452554,0.2157516511470456,0.3982400644060178,53.53724926912843,93.2207882724648,208.86253807153244,2.086185649985906,2.260835813516318,3.244074455768457,631.8135973408716,0.16662845593773357,0.21603260224008025,0.399871795730689,53.56018688445936,93.26970530947979,208.9666944276516,2.095590358540488,2.2722585827480235,3.2727047772246993,648.790102857849,0.1667082888797986,0.216237056828525,0.40110720499183916,71.62355197788557,110.99358822373634,225.74102125368353,2.1241231162974996,2.3072641582317415,3.358534182408959,680.1531841312244,1995
ID17_V12,0.1280356506219662,0.18039928436716132,0.3912706291040157,43.44244870619703,70.07970056591144,165.7217041783802,2.4675156834686485,3.814824363310947,17.691790116477225,580.8833966371603,0.12808856461951956,0.18058705542709008,0.3925013812973778,43.47054049550533,70.12859030846309,165.87192922119408,2.4842581854101127,3.8445653669253113,18.394150571284715,597.9255539148435,0.1281266263183407,0.18072679824487678,0.39341444325636155,54.45388806228044,81.4018014650177,180.67487091541375,2.529730591233059,3.937896631874362,19.943047110970806,630.7072848833341,1996
ID16_V7,0.16296667978246582,0.21721680531479806,0.41455498583717265,52.935375338245464,83.52421220468113,179.78845948040973,3.072540425324301,3.6241241805108895,11.45875764100518,602.9715527953449,0.16297783773813457,0.2172996630148514,0.41538900822884095,52.950740824069136,83.55189720555708,179.88117512355944,3.0905551060666183,3.6506080722576244,11.937470104910409,620.541317214287,0.1629874728441738,0.217366403805249,0.41601989886593227,64.6227449143664,95.49493791608745,196.65704870910105,3.1458447096284528,3.733262181264348,12.9477087156355,653.83732751137,1996
ID15_V5,0.18446691477153476,0.25104427534223905,0.4412230930888832,69.41585841413638,103.4262041576481,205.54830588636204,4.804512706927285,5.897160860497258,17.03728083016696,632.9370231748908,0.18448818747702345,0.25114047251166016,0.4421947913126587,69.4377135131112,103.4618235524485,205.6640374148097,4.877354632029266,5.998402691730427,18.38671102833138,647.1364676609664,0.18450343592314167,0.2512148811153323,0.4429093987675863,82.79536200886096,116.38138856485715,223.60055597231812,5.068839430596043,6.2575540283561635,20.410102115419765,676.9187137853733,1996
ID17_V12,0.1250811261875857,0.18554598086831908,0.3591912105402013,40.45397522615614,67.00370182550382,160.54352861905807,1.8775598965255107,1.9743758504963822,7.117856794334754,605.6706151595354,0.12509156828342305,0.18562088823192502,0.3602801412483121,40.457158700842584,67.01043491251424,160.5822863663964,1.8890321343471124,1.986169573694407,7.597390568550935,622.9357003334444,0.1251003458009465,0.18567226601697828,0.3611249342820764,46.2757115273116,72.5117649719786,169.15458840543508,1.9223736401336573,2.0202218001985903,8.426589840033927,658.2487925062742,1997
ID16_V7,0.09488008285311955,0.14845020139523557,0.3067168842793748,29.137659759320698,48.004099967836666,117.69449657094383,1.5731768571457794,1.6631490127521353,3.8505134964567906,521.9607211215189,0.09489861092274743,0.1484828771826319,0.30719740027322207,29.14315530181191,48.016849853607376,117.72544813659877,1.5794842336189525,1.6697262066478795,3.9009974647094934,539.8238043554884,0.09491167362370125,0.1485093767136565,0.3075638385183939,32.76401224664141,51.92738720806912,126.90357027648056,1.5982203758433124,1.6896518742880036,4.0479654564087735,578.7446595500516,1997
ID15_V5,0.0945498145752195,0.13615667911321094,0.29436800190340584,31.755680236726477,48.804107496032564,116.03999478419097,1.7764794269767774,1.997628908088689,8.581542538875206,477.14512279292836,0.0945842258169538,0.13624616542530466,0.29487048973548013,31.758373984222626,48.80794273874387,116.05919278751601,1.786677187972242,2.007589218954927,8.955626940757675,494.9127214022483,0.09461403130280854,0.13631766749058746,0.2952629272303371,34.50661102460167,53.48638590010946,123.86467457439828,1.8165858162905464,2.0374120005723912,9.781629682443956,528.0764751078095,1997
ID16_V7,0.15133012792676936,0.2087806194583397,0.3521432013243837,45.043598966374624,76.51685700044338,174.80558693378075,1.845373927273231,1.9673794199011905,3.0837181024422478,583.9022144606571,0.15136039764116127,0.20890732112094268,0.35329147321792886,45.05799412922693,76.54686761034667,174.92777778230132,1.8527478127529726,1.9755040377596766,3.10692253237133,600.0312676405592,0.15138478202540995,0.20901015203696316,0.3541519093461276,56.93431762457939,88.7579357043718,192.10692915324765,1.8753361594872695,2.0001541732646735,3.1762270798348644,631.6977394483692,1998
ID15_V5,0.14066401395955985,0.19715628594764034,0.34979151267016734,50.084190801727665,79.41515129190209,172.84029079034917,2.054194409597174,2.2197580257437353,4.843747323618915,584.1262622424911,0.14072360912501392,0.19729680620505616,0.3508813062689473,50.10030236260428,79.44378686539102,172.9362336040433,2.064672736550159,2.231964659641108,4.957213197161466,595.8957562424912,0.1407715066499946,0.19740899328430347,0.3517173318974951,60.61595378808049,91.39075477410708,188.49087583646076,2.098027358815091,2.2704337236742305,5.218402143778715,621.7605624043499,1998
ID17_V12,0.16551947365364625,0.23179291654179268,0.45880659332505935,60.54740031296895,103.22708392559345,230.9528166138206,2.8483956929859326,3.0613166534331264,7.231940715463162,676.1654469377027,0.1656617004112881,0.23215071646913543,0.4611285323677166,60.57577669983611,103.28179843171408,231.08716432918362,2.8580275502364474,3.073250508431963,7.346507935469554,693.2347305141448,0.16577914183589823,0.2324189771182672,0.46287580064332756,75.72976918544583,117.9046926435196,247.0311525334779,2.887320516328169,3.109988113547778,7.6704809305857955,725.629345883237,1998
ID17_V12,0.26592274443196134,0.3643917407194488,0.6442809198253454,108.60765165896241,164.91726581680294,319.95398637855067,29.62229493963869,33.04198570389093,51.948126225243215,859.2994286228131,0.26609739133664356,0.3650056214068418,0.6486700105651582,108.64250773456905,164.97812803592524,320.1120721424025,32.96915530107899,36.91916183040065,59.479943274274184,880.1090712740988,0.2662325455813621,0.3654682515666532,0.6519606570742784,122.83310307401486,180.16435806406938,343.8866609350831,37.53645435717627,42.15886496639813,69.04035753424616,920.2428045613633,1999
ID16_V7,0.186067869436511,0.2532211835553251,0.4556556786132724,74.72403508866704,108.64712487684264,227.99818777259318,5.44124317052943,6.065574956403359,17.214216505746503,701.90423930643,0.18628556948352393,0.25373451125264146,0.4585543915062216,74.74707908540421,108.69252197750914,228.13777769792063,5.660063604891669,6.307417943834898,18.96553037589407,721.7285685673414,0.18644771809553284,0.25413200812335135,0.46075141411688936,84.61785123099631,124.44585436062576,246.1481889641609,6.125037963665262,6.826362422880197,21.544192226288928,760.7727847478818,1999
ID15_V5,0.21291228164054865,0.29067298617990467,0.48837732807292866,90.43974911024641,128.43065997406583,247.7064880964391,10.929930252233909,12.199349382762296,25.54617569523488,719.9605366176402,0.21304530146149903,0.29103613830824493,0.49081659879802153,90.46964208734305,128.4834908450689,247.8172131426243,11.71410606257388,13.085592058731132,28.717406092738283,735.4670866009837,0.21314711681704157,0.2913062362639831,0.4926707477439507,101.92460982690297,141.843016744371,264.8169695374278,13.040743656406464,14.612454384383213,33.07576837403171,768.591947559471,1999
